,source,target,value,overlapping_genes
0,Cytosol (GO:0005829),Nucleoplasm (GO:0005654),646,"['FAM96A', 'EFTUD2', 'GOLPH3L', 'DTX3L', 'CCDC88B', 'RBPMS', 'DCAF8', 'KYNU', 'ADD2', 'SS18L1', 'PIP5K1A', 'GPN1', 'BIRC3', 'CBLB', 'SLC19A3', 'CACTIN', 'RARS', 'PTEN', 'UBE2Z', 'DOCK10', 'GRB14', 'NFKB1', 'RRM2B', 'NHP2', 'C20orf27', 'SLC35F6', 'MAST4', 'HIST1H2BH', 'NT5E', 'ANP32A', 'TBX3', 'SERPINB9', 'TARS2', 'ATG13', 'RNF13', 'STXBP3', 'DDI2', 'IKBKAP', 'ABCC9', 'NLRP1', 'PGGT1B', 'STIP1', 'ACLY', 'GALK2', 'KIF3A', 'SDR39U1', 'CHM', 'FBXO3', 'COMMD8', 'KLF12', 'GLMN', 'ARID3A', 'SNAP29', 'RPRD1B', 'NFS1', 'TSPAN9', 'FBXO38', 'GNAS', 'ARHGAP23', 'STUB1', 'CBX7', 'LGALS3', 'BCR', 'GNAI2', 'SNF8', 'RPTOR', 'SCARF2', 'TAF6', 'CSE1L', 'CFL2', 'NCBP1', 'SSC5D', 'ZNF318', 'TXLNA', 'PTGES3', 'OAS2', 'IFI35', 'FBXL18', 'HNRNPH1', 'DBNL', 'USP24', 'NME3', 'NCOR1', 'ERG', 'TFCP2', 'HGH1', 'APIP', 'CCNT2', 'STAT6', 'DNPH1', 'KEAP1', 'KPNA6', 'STAU2', 'UBR4', 'SPIRE1', 'MTRR', 'KCMF1', 'AKR1D1', 'RASSF2', '5-Sep', 'C3orf38', 'CARD8', 'AEBP1', 'SMAD4', 'SUGT1', 'RNF25', 'NFU1', 'STK4', 'SLC22A3', 'LSR', 'KIAA1468', 'UBA3', 'XPO1', 'RBM4', 'ANKZF1', 'ACIN1', 'ACSS2', 'SASH1', 'MRI1', 'KCTD10', 'ARMC8', 'ABCB6', 'S100A9', 'WBP2', 'YWHAQ', 'PRMT2', 'CAP2', 'MTMR10', 'KMT2A', 'PRKRA', 'COASY', 'SMAD5', 'TIA1', 'NCOA1', 'MGA', 'SHB', 'CRYBG3', 'AKR1A1', 'CSNK2A2', 'ADRM1', 'COL28A1', 'ABCA8', 'ECSIT', 'CNOT10', 'FBXO2', 'CAND1', 'ERCC6L', 'CCDC22', 'COPA', 'ARMCX3', 'WDR7', 'PSMB7', 'MLF2', 'ERAP1', 'IRS1', 'EIF4H', 'PPP1R2', 'CUTC', 'GTF2E2', 'SLC39A10', 'TMSB4X', 'ANP32B', 'OSBPL1A', 'ABHD2', 'UROD', 'NMRK1', 'KPNB1', 'SKAP2', 'DUSP3', 'PEF1', 'KPNA2', 'TALDO1', 'FCHSD1', 'APOL2', 'KDM8', 'RPAP1', 'SMAD3', 'TRAFD1', 'ZBTB2', 'NARS2', 'FUBP3', 'STAB1', 'STAMBP', 'DNAJC25', 'SRM', 'ARHGAP10', 'TRIT1', 'TRIM26', 'SLC39A5', 'HUWE1', 'MBTPS2', 'DLGAP4', 'RAD23A', 'LAP3', 'URI1', 'CALHM2', 'PTER', 'CHPF2', 'ARHGEF5', 'COMMD5', 'EIF3B', 'NRBF2', 'C7orf25', 'LAS1L', 'UCHL1', 'CAPNS1', 'ARHGEF26', 'SLC22A23', 'SYNPO', 'NEDD8', 'ZC3H4', 'STRN', 'STXBP1', 'SMC1A', 'SUPT6H', 'SNRPD3', 'SDCBP', 'WWTR1', 'ADK', 'MOXD1', 'CDK2', 'HCFC2', 'UBA6', 'DAZAP1', 'ARHGEF12', 'POLA1', 'PSMD3', 'MAT2A', 'ARAP1', 'LTV1', 'OPA3', 'RBM47', 'SRA1', 'LXN', 'SEC14L1', 'SNIP1', 'NPLOC4', 'VTA1', 'SPR', 'STK39', 'CRTC1', 'PRKCB', 'OAS3', 'ANKS1A', 'KDM1A', 'COPG1', 'IFT122', 'UAP1', 'GEMIN8', 'FAM120B', 'SYMPK', 'NKTR', 'ACSF2', 'GTF2A1', 'TNIK', 'PIN1', 'CDKN2C', 'SPATA2L', 'MMACHC', 'OVCA2', 'CBR3', 'ZFYVE27', 'PSMD4', 'TROVE2', 'COG3', 'HIF1AN', 'MAP3K2', 'KALRN', 'C9orf40', 'PCBP2', 'CCDC97', 'PKP3', 'SAP18', 'IPO5', 'DENND1A', 'FABP1', 'MTO1', 'TMX2', 'CNN2', 'SENP6', 'RAB3GAP1', 'LRCH4', 'TERT', 'DCLK1', 'RING1', 'C16orf46', 'NDRG2', 'GCH1', 'C19orf66', 'CASP1', 'OASL', 'BBX', 'ACTL6A', 'GET4', 'C16orf58', 'ALKBH5', 'PAXBP1', 'INTS10', 'ACOT7', 'SMIM24', 'JMJD1C', 'TM2D3', 'ANP32E', 'GLO1', 'HDAC4', 'MTFMT', 'NKAP', 'NUDCD1', 'HSPG2', 'MPG', 'TSSC4', 'IGFBP3', 'NR2F2', 'ATP6V1C1', 'MUL1', 'LTA4H', 'HDDC3', 'FAM96B', 'APRT', 'DIP2C', 'DCTD', 'HTT', 'NMI', 'C8orf4', 'BLMH', 'BRD7', 'UBL4A', 'ABHD15', 'TFIP11', 'CRYZL1', 'NSFL1C', 'ETNK1', 'PRKAG1', 'FAM129B', 'PRKAB1', 'HPGD', 'DYNLL1', 'CMTR1', 'MIOS', 'CPSF7', 'TACC2', 'PLEKHG3', 'HSPH1', 'NOTCH3', 'ACBD6', 'CAPZB', 'UBE2G1', 'ACOT9', 'NME1', 'XPOT', 'PRKD2', 'UHRF1BP1', 'TNFAIP8L3', 'MTMR3', 'EIF2S1', 'CTPS2', 'LCMT1', 'SH3D19', 'ZCCHC6', 'AAMDC', 'APAF1', 'GMFB', 'TSPAN15', 'ANXA1', 'MTA1', 'CPNE2', 'UBL7', 'USP16', 'STAM2', 'PPP1CA', 'FAM134C', 'ARFGEF1', 'SMYD3', 'WDR77', 'CALML4', 'NUFIP2', 'CIAO1', 'ASCC1', 'MSRA', 'VEZT', 'BANF1', 'ME1', 'PGLS', 'SYNCRIP', 'FADD', 'ZDHHC5', 'ADARB1', 'NFATC2', 'BLVRB', 'GRAMD3', 'LDB3', 'MASP1', 'CRTC3', 'YOD1', 'PCBD1', 'LGALS1', 'CACYBP', 'LZIC', 'APOL6', 'GOT1', 'ZMYM4', 'GBP2', 'VCP', 'DDX1', 'FDPS', 'FAM160B2', 'DIDO1', 'EVC', 'PGM3', 'NBEAL1', 'PYCRL', 'C14orf1', 'POLR2C', 'FAM20C', 'MAP2K3', 'STRN3', 'WDR26', 'NTMT1', 'ABR', 'PSMG1', 'CASK', 'PSMC6', 'WDFY4', 'WIPI2', 'PLEKHA5', 'NCOA3', 'PLAA', 'ANKRD50', 'CHUK', 'NFKBIB', 'LMBRD2', 'PDZK1', 'GBA2', 'RNF126', 'RELB', 'CASP8', 'MIF', 'KHNYN', 'CENPE', 'SYNJ1', 'DRG2', 'LYPLA1', 'KLC2', 'STAT1', 'SZRD1', 'DCTPP1', 'DCPS', 'SLC38A7', 'GFOD1', 'SNX27', 'MEX3B', 'SYDE1', 'FAM213B', 'SPAST', 'HSPA4', 'SHOC2', 'RYR2', 'UBA7', 'ERI3', 'ACOT12', 'C15orf52', 'PHGDH', 'CNTLN', 'PPP2R5C', 'SGMS1', 'ORC2', 'DNAJB4', 'ANKMY2', 'LARP7', 'GMIP', 'RTCB', 'ABRACL', 'SBF2', 'TRIM25', 'PRPSAP2', 'GPRASP2', 'ANAPC7', 'CCNA2', 'IL17RA', 'GCLM', 'DNAJC6', 'PRODH2', 'KANSL2', 'POR', 'NRSN2', 'MRPS30', 'RBP1', 'R3HDM1', 'R3HCC1', 'HSPB11', 'GMFG', 'TMUB1', 'DENND2D', 'METTL16', 'KDM5C', 'XIAP', 'CCT4', 'USP48', 'ANXA11', 'PSMB6', 'TAX1BP1', 'MAPKAP1', 'MYBL2', 'TJP2', 'COPS8', 'TRNAU1AP', 'ECM1', 'NNMT', 'HAUS2', 'GPI', 'SSU72', 'DAAM2', 'ASS1', 'GPX2', 'RUVBL1', 'TRIM14', 'PPP2R5D', 'C1orf21', 'AHR', 'DCAF7', 'BCCIP', 'CYP2B6', 'GAL3ST4', 'WRAP53', 'DOCK8', 'LIMK2', 'GRHPR', 'TSNAX', 'RUVBL2', 'CYTH3', 'PKN2', 'MICAL3', 'PNPO', 'EOGT', 'DPYSL5', 'KPNA3', 'TNPO1', 'UBQLN1', 'MKRN2', 'PPM1L', 'NELFCD', 'SCAF1', 'SCFD1', 'TMEM41A', 'RANBP9', 'SYTL4', 'OTUD6B', 'AGL', 'ARID4A', 'SRI', 'DSE', 'ARID5B', 'EXOC6B', 'PKIG', 'PLEKHO2', 'NR3C1', 'PNPLA8', 'ABCB1', 'SLC40A1', 'MBNL1', 'MMP15', 'ANXA7', 'NELFA', 'C5orf51', 'METAP1', 'FLII', 'ATG4B', 'NFKB2', 'MAPK1IP1L', 'NQO2', 'MEN1', 'CCDC25', 'TRIM56', 'XPO4', 'SH3GLB2', 'TNIP1', 'DMAP1', 'ZWINT', 'ADIRF', 'YPEL5', 'PPP3CA', 'TDRD3', 'ECD', 'DDX20', 'PPL', 'EDRF1', 'TSTA3', 'ERICH5', 'GBE1', 'SYAP1', 'ERH', 'DNAAF5', 'PARP9', 'TNIP2', 'INTS12', 'DNAJC7', 'PPP6R3', 'STAT3', 'LRRC20', 'TTC37', 'SETDB1', 'FKBP4', 'DCUN1D3', 'UBR5', 'WDR61', 'RAD23B', 'ATG7', 'GABARAPL2', 'SRGAP2', 'CDC123', 'USP10', 'EIF5A', 'RDH14', 'TRIM65', 'NEDD9', 'PDP1', 'FAM172A', 'RILPL1', 'NEMF', 'RGS3', 'CDK17', 'HSF1', 'STRAP', 'STAT5A', 'SERPINA10', 'CDK6', 'PIP5K1C', 'VPS13D', 'USP5', 'PRRC2A', 'HIST1H2BO', 'ZNF609', 'TNRC18', 'RNH1', 'CNDP2', 'NDN', 'ST7', 'COMMD1', 'PSMC1', 'CRKL', 'UBE3A', 'ARHGAP22', 'IPO7', 'BROX', 'MLX', 'CRABP2']"
1,Cytosol (GO:0005829),Plasma membrane (GO:0005886),398,"['TMEM97', 'ASAP1', 'GOLPH3L', 'ERBB2', 'ADD2', 'PIP5K1A', 'PLIN4', 'STOM', 'SLC4A7', 'APBB1IP', 'EPS8L2', 'EFR3A', 'FAM45A', 'HMGCS1', 'DHRS7B', 'SDPR', 'UBAC1', 'BCAR1', 'PTPN13', 'NT5E', 'ATG13', 'TGM2', 'STIP1', 'ACLY', 'PPP3R1', 'LMTK2', 'CD2AP', 'FAM129A', 'BAG3', 'SNX9', 'SLC17A5', 'MPI', 'CEP89', 'AAK1', 'CDAN1', 'FBXO38', 'GNAS', 'HIP1R', 'ARHGAP23', 'SHROOM2', 'FHL1', 'LGALS3', 'CRYAB', 'HYI', 'GNAI2', 'UBE2D3', 'CFL2', 'ADAMTSL4', 'TXNIP', 'SRC', 'EIF5B', 'SEMA3C', 'FLNB', 'CCNT2', 'SVIL', 'SFSWAP', 'EHBP1L1', 'NF2', 'MCTS1', 'DDAH1', 'AKAP11', 'NUDT16L1', 'LASP1', 'RASSF2', 'CEP170', 'MAP4', 'UBE2C', 'RPSA', 'C3orf38', 'WDR6', 'TRIM4', 'SUGT1', 'AGRN', 'GAPDH', 'SLC7A5', 'SRPK1', 'LSR', 'UBA3', 'WDFY3', 'ARPC5', 'ACIN1', 'PDE4D', 'HCLS1', 'BAIAP2', 'ABCB6', 'TMEM245', 'FMNL2', 'SLC27A1', 'PAK1', 'AKR1B10', 'CAP2', 'NCOA1', 'EHBP1', 'ENO2', 'CPPED1', 'ATXN10', 'ADRM1', 'SYK', 'ANKIB1', 'MAP2K7', 'STXBP4', 'HAPLN3', 'SPG11', 'PRKCA', 'NMT1', 'KIF21A', 'GLRX', 'MLF2', 'ERAP1', 'IRS1', 'SLC3A2', 'SLC39A10', 'PPTC7', 'ADCK5', 'AHNAK2', 'CLTB', 'ENO3', 'IL16', 'SSFA2', 'SDE2', 'NCK1', 'NCKIPSD', 'PACSIN3', 'STAB1', 'STAMBP', 'MKLN1', 'RAB23', 'ARHGEF5', 'BST2', 'MERTK', 'SMAP1', 'ARHGEF26', 'SUPT6H', 'COMTD1', 'HCFC2', 'PTPRS', 'ARHGEF12', 'DFFA', 'ADAP1', 'PCDHGA11', 'MAP3K6', 'ARAP1', 'CRLF3', 'DPYSL2', 'TLN1', 'WWP1', 'BZW2', 'CRTC1', 'CC2D1A', 'OAS3', 'S100A13', 'BICD2', 'LACE1', 'UAP1', 'AKAP12', 'CYFIP2', 'LPIN2', 'SYMPK', 'NKTR', 'CORO1B', 'FLAD1', 'STOML2', 'MMACHC', 'COG3', 'MAP2K1', 'XRN1', 'CASP4', 'CCDC97', 'TPD52L1', 'PSMD9', 'PHACTR4', 'DOCK4', 'GPC1', 'CORO2A', 'GLO1', 'HSPG2', 'FYN', 'MPV17L2', 'MOCS1', 'ACTR6', 'ZNF598', 'ADSS', 'DCTN6', 'AMPH', 'C8orf4', 'ARHGEF1', 'HSPB1', 'CALML5', 'GSR', 'NSFL1C', 'ETNK1', 'LAMA4', 'ARHGEF28', 'REPS1', 'CAMK2G', 'KATNB1', 'FLNC', 'FAM129B', 'ATP6V0A2', 'EXOC7', 'TACC2', 'PXK', 'PLEKHG3', 'MYO10', 'CD48', 'PALLD', 'SLC46A1', 'FTCD', 'ACOT9', 'TOLLIP', 'DDX60L', 'CTTN', 'ENO1', 'FAM126A', 'ARHGAP18', 'EIF5', 'HN1L', 'USP4', 'ANXA1', 'LMCD1', 'SPG20', 'PPP1CA', 'COL6A2', 'MADD', 'PPM1A', 'TRMT1', 'ME1', 'NCAM1', 'ZDHHC5', 'BLVRB', 'NARFL', 'YOD1', 'RGP1', 'CLCN5', 'ENAH', 'BCAR3', 'CTSF', 'PDAP1', 'PRDX6', 'FSCN1', 'ANO6', 'MARCKS', 'FAS', 'GCC1', 'ADA', 'UBAP1', 'PHLDB3', 'METAP2', 'PGRMC2', 'EEF2', 'SLC4A2', 'ZNF185', 'PACSIN2', 'TRIP6', 'ATP13A3', 'PSMC6', 'MET', 'CHMP2A', 'PLAA', 'NMT2', 'MYH11', 'STAT2', 'B2M', 'AFAP1L2', 'PPP4C', 'AKAP10', 'TRIM16', 'FMNL3', 'WIPF1', 'ADH1A', 'KLC2', 'SLC38A7', 'CDV3', 'GFOD1', 'COL16A1', 'FASN', 'TOM1', 'SSH3', 'FAM213B', 'YES1', 'RYR2', 'TSG101', 'TTLL12', 'NAPG', 'ERC1', 'PHGDH', 'PIGN', 'HOMER3', 'DNAJB4', 'PTK2B', 'GMIP', 'ARL4C', 'CAMK2D', 'SIGLEC10', 'MPHOSPH8', 'CCDC124', 'ZSWIM8', 'GCLM', 'PLS3', 'PAFAH1B2', 'DNAJC6', 'EPB41', 'KANSL2', 'EXOC1', 'LIMA1', 'ARHGAP29', 'WASF2', 'XIAP', 'MTPN', 'NUDCD3', 'TMEM222', 'TJP2', 'WDR12', 'MAP4K5', 'DAAM1', 'MCOLN1', 'GPI', 'USP20', 'GAS2', 'GALE', 'PPP2R1B', 'SORT1', 'DCBLD2', 'PFDN1', 'UBQLN2', 'PKN2', 'SLC46A3', 'S100A16', 'ATG3', 'MICAL3', 'ARHGAP24', 'SDC2', 'PRKD1', 'PTPN12', 'ARID4A', 'TXNDC11', 'ARID5B', 'PLEKHO2', 'TMEM50A', 'SLC40A1', 'ADH1C', 'MMP15', 'TTC17', 'RAB13', 'RAB3GAP2', 'PHLDB2', 'VPS8', 'S100A6', 'METAP1', 'DPP3', 'ITGA7', 'RAPH1', 'FLCN', 'HINT1', 'CCT3', 'GNAQ', 'PCDHGC3', 'PAIP1', 'FLNA', 'RALGAPA2', 'PYGL', 'ATP6AP1', 'PPL', 'SMAD1', 'PIK3AP1', 'MYH9', 'XPO6', 'PPFIBP1', 'ATIC', 'INTS12', 'ARF1', 'PPP6R3', 'ATG7', 'THBS2', 'SLK', 'FABP5', 'BAIAP2L1', 'NEDD9', 'RIPK1', 'RILPL1', 'TES', 'KNTC1', 'FAM210B', 'GCA', 'PIP4K2A', 'KIAA1524', 'PRRC2A', 'S100A14', 'RPL36AL', 'LCP1', 'SOD1', 'PSMC5', 'AHNAK', 'PLEKHA4', 'ARHGAP22', 'KMT2D', 'ADH1B', 'RNF114']"
2,Cytosol (GO:0005829),Vesicles (GO:0043231),159,"['SEC31A', 'TFG', 'AFTPH', 'AP1G1', 'ZFYVE16', 'CAPZB', 'STARD5', 'ARHGEF10L', 'CLTC', 'CTTN', 'PLIN4', 'NECAP1', 'STOM', 'TRAPPC2L', 'TRIO', 'PRKG1', 'SQSTM1', 'MKLN1', 'SLC39A5', 'LLGL2', 'DAAM2', 'MYPN', 'SLC35F6', 'RPS12', 'TPRG1L', 'RNF13', 'UNC13D', 'PITPNB', 'SPG21', 'STAM2', 'CAT', 'SLC22A23', 'CTSH', 'PITPNA', 'ALDOC', 'RANGAP1', 'CYB5A', 'MRPL50', 'VBP1', 'TMEM2', 'CSK', 'FTO', 'ATP6V0A1', 'ARID3A', 'PCDHGA11', 'BRAF', 'ATP6V1A', 'COL1A1', 'OSBPL8', 'ARAP1', 'ICA1', 'DNAJC13', 'CTSF', 'HIP1R', 'DENND3', 'ACOX2', 'RUFY1', 'IL1RAP', 'LRMP', 'VTA1', 'YBX1', 'NELFCD', 'STK39', 'APOA1', 'DIDO1', 'GRIPAP1', 'BLOC1S4', 'HOOK2', 'TACC3', 'RABEP2', 'VPS29', 'PHF14', 'HSPBP1', 'PTK2', 'PACSIN2', 'TSPO', 'TPD52L2', 'PSMA4', 'LDHA', 'PCDHGC3', 'EVL', 'SLC12A6', 'G6PD', 'GALNT5', 'CHUK', 'SYNPO2', 'OSTM1', 'UBA5', 'PDZK1', 'VAC14', 'AEBP1', 'DENND1A', 'HMOX2', 'AKT2', 'FMNL3', 'DMPK', 'EPS15', 'IPO9', 'DRG2', 'SLC7A5', 'IFI30', 'UGT3A1', 'SPNS1', 'PRNP', 'SCRN3', 'EIF2B3', 'SLC22A3', 'TMUB2', 'LAMB2', 'PPP6R2', 'C16orf58', 'XPO1', 'ARPC5', 'ACSS2', 'ARPC1B', 'PPP5C', 'TIPRL', 'SDCBP2', 'APOB', 'ARMC8', 'UBA7', 'VPS37A', 'FES', 'TRIM65', 'PREX1', 'LSM1', 'IGFBP3', 'OXLD1', 'ERC1', 'CALCOCO2', 'GSPT1', 'DIP2C', 'CSNK2A2', 'SYK', 'COPB1', 'VPS13D', 'RTCB', 'DNM1L', 'SAMD9', 'FCHO2', 'CHPF', 'MYD88', 'PBXIP1', 'MTOR', 'DCP1B', 'REPS1', 'TMSB4X', 'GOLGA4', 'ATG2A', 'DENND4C', 'PEF1', 'POR', 'NEGR1', 'NRSN2', 'CLTB', 'GIMAP7', 'FSTL1', 'RALBP1', 'EXOC7']"
3,Cytosol (GO:0005829),Nucleus (GO:0005634),276,"['PSMC4', 'RBM42', 'SBDS', 'ARHGAP29', 'STX3', 'SSFA2', 'SRPK2', 'NOP9', 'IL18', 'CNOT2', 'ATXN1', 'SORCS2', 'NUDCD3', 'UPF3B', 'AIM1', 'PDCD5', 'ZEB2', 'SALL1', 'KDM4B', 'MDN1', 'SERPINB8', 'NFAT5', 'DDX3X', 'THYN1', 'SH3TC1', 'PLEKHA7', 'GCLC', 'PSMD5', 'COPS3', 'TLDC1', 'HMGCS1', 'PTMA', 'DHRS1', 'AKR1C2', 'CLNS1A', 'CASP14', 'MED27', 'EDF1', 'NFKBIE', 'CNBP', 'USP20', 'ABHD14B', 'MYPN', 'MAP2K6', 'RPP30', 'LARP1', 'IMPAD1', 'LANCL2', 'VRK1', 'TMEM260', 'GAS2', 'ELP6', 'GALE', 'CDK1', 'PLXNA1', 'ARMCX1', 'PPP2R1B', 'HEATR3', 'ARHGAP17', 'DNAJB1', 'DCUN1D1', 'DST', 'UBE2M', 'SHMT1', 'LMCD1', 'RNASEH2A', 'DHX36', 'FGD3', 'ALDH1A3', 'NCAPH', 'DIMT1', 'FKBP14', 'RPS6KA3', 'CLDND1', 'HEATR5B', 'PKN1', 'ALDOC', 'ELMOD2', 'TRMT1', 'ACYP1', 'PARK7', 'GORAB', 'TAOK2', 'TXNL4A', 'MCM3AP', 'RAI14', 'MOCS2', 'SSRP1', 'PYCARD', 'MORC2', 'OTUB1', 'COMMD9', 'PCDHGA11', 'MAP3K6', 'ATP6V1A', 'POMK', 'EEFSEC', 'TESC', 'HSCB', 'BACH1', 'C11orf96', 'PSMC3', 'ACAT2', 'PTPN11', 'MRPL4', 'C15orf40', 'EEF1E1', 'RUFY1', 'TMEM126A', 'POLE4', 'FAM69A', 'FAM208B', 'LRMP', 'FKRP', 'MAPK7', 'HNRNPLL', 'SRSF2', 'ORC5', 'DDX55', 'UXT', 'RAC1', 'GNL3L', 'EXOSC10', 'MOB2', 'ASCC2', 'FAM49B', 'C10orf11', 'EIF3A', 'MARCKS', 'PRMT5', 'S100A13', 'PEA15', 'BTF3L4', 'MED21', 'DDX51', 'ELP2', 'NPNT', 'DEPDC7', 'RPS6KA4', 'MAPK13', 'NRIP2', 'DOHH', 'C1S', 'STK26', 'NAGK', 'ARMT1', 'SNX30', 'TBC1D2', 'PHF14', 'METTL9', 'CAMK1D', 'WDR41', 'AKR1C3', 'HINT1', 'ECT2', 'SFSWAP', 'RRAS2', 'PLEKHA1', 'CCDC117', 'PSMA4', 'SHARPIN', 'ACP1', 'CCT8', 'NF2', 'IRF6', 'CHMP2A', 'PCDHGC3', 'CDC73', 'IFI16', 'RRP8', 'SKP1', 'UBE2L3', 'TUT1', 'RPS19BP1', 'MOB1B', 'OSTM1', 'NBEA', 'MYO5C', 'CNP', 'PPP4C', 'ENSA', 'CBFB', 'AKT2', 'UEVLD', 'SMAD1', 'PIK3AP1', 'C2CD2L', 'LSG1', 'BABAM1', 'TRMT2A', 'PUM1', 'NAB2', 'GLOD4', 'EXTL2', 'CBR1', 'DCAF13', 'XPO6', 'PAAF1', 'NOL3', 'SRPK1', 'KPNA1', 'FARSB', 'FRK', 'DIS3', 'PPID', 'NCAPD2', 'GSTZ1', 'UCHL3', 'CHMP7', 'NFX1', 'SIRT1', 'SLBP', 'CRADD', 'RTF1', 'UACA', 'ARL2', 'PBDC1', 'PDCL3', 'FES', 'IP6K1', 'RAD54L2', 'LACTB2', 'SMAD2', 'NUP85', 'EAPP', 'GTF2E1', 'ISYNA1', 'ZNF622', 'PSMD12', 'TXN', 'AKR1C4', 'FAM98C', 'UFSP2', 'OGDHL', 'SMIM20', 'CPNE3', 'WDR45B', 'ITGA2', 'TNFAIP2', 'SEC14L2', 'CDK4', 'SIRT2', 'FRMD8', 'ARHGAP27', 'MPHOSPH8', 'SOD1', 'C10orf35', 'STX2', 'KIAA1217', 'DNAJB5', 'PMM2', 'AKR1B1', 'RUNX3', 'NUBP2', 'GIPC2', 'FBXO7', 'GYG2', 'RBL2', 'PEG10', 'SLC3A2', 'CASP6', 'OGFOD1', 'DSN1', 'OSBP', 'FXYD1', 'ELAVL1', 'DDX3Y', 'KMT2D', 'FAM114A1', 'COMMD3-BMI1', 'NAPRT', 'ATG2A', 'TM7SF3', 'CSTA', 'MAGED2', 'RPS6KA1']"
4,Cytosol (GO:0005829),Nucleoli (GO:0005730),165,"['MYO10', 'STON2', 'DDX24', 'RPL18', 'POLR1B', 'SCML2', 'SPATS2L', 'NOP9', 'RPL13A', 'ATXN1', 'NPM3', 'UPF3B', 'ZEB2', 'RPS17', 'MDN1', 'SFRP1', 'WDR12', 'HINT3', 'SH3TC1', 'GCLC', 'TLDC1', 'RPS27A', 'DYNC1I2', 'NCF2', 'MED27', 'RPL10A', 'DNMBP', 'RPL19', 'SNX15', 'ABHD14B', 'RPS11', 'RPP30', 'FAU', 'RIN2', 'GAS2', 'RABGAP1L', 'DIMT1', 'RPS6KA3', 'CLDND1', 'HEATR5B', 'KNOP1', 'ELMOD2', 'NAA10', 'SELENOF', 'DCTN3', 'TAOK2', 'PFDN1', 'RPL4', 'SOGA1', 'PYCARD', 'RPL29', 'CRELD1', 'LRCH1', 'IRAK4', 'DMXL1', 'UTP14A', 'STEAP3', 'PTPN11', 'MRPL4', 'HS1BP3', 'RPL9', 'DDX55', 'RAC1', 'DDX28', 'GNL3L', 'EXOSC10', 'MOB2', 'MPP1', 'S100A13', 'MED21', 'DDX51', 'CSTB', 'MAPK13', 'DEPDC7', 'DHX57', 'SNX30', 'RPL7', 'WASL', 'PPM1B', 'SRP54', 'ATP13A3', 'RPL18A', 'RABGEF1', 'RPS27L', 'EHBP1L1', 'RPL8', 'DDAH1', 'IFI16', 'GALNT5', 'RRP8', 'RPS19BP1', 'AKAP11', 'NUDT8', 'MOB1B', 'NBEA', 'ZNF800', 'FKBP15', 'TTK', 'ENSA', 'C2CD2L', 'DOCK4', 'RPL26L1', 'RPL5', 'KAT6A', 'GLOD4', 'DCAF13', 'STARD13', 'XPO6', 'OSBPL3', 'ARMC9', 'SMG6', 'CDV3', 'RPS27', 'GET4', 'WDFY3', 'C16orf58', 'PPID', 'RPS3A', 'ABCF3', 'ETV6', 'TANK', 'TEX264', 'SLBP', 'TSG101', 'PBDC1', 'RPL26', 'ARL2', 'THUMPD3', 'SMAD2', 'MALT1', 'DNAJA2', 'PNPLA3', 'ZNF622', 'CCT5', 'TXN', 'FAM98C', 'RPS26', 'RPL34', 'SMIM20', 'FEZ2', 'CPNE3', 'AMDHD2', 'DCTN6', 'SPG11', 'STK24', 'CDK4', 'ZCCHC11', 'FRMD8', 'SIRT2', 'NCOA4', 'RPL3', 'MIF4GD', 'SDHAF2', 'GYG2', 'RBL2', 'PAFAH1B2', 'FXYD1', 'ELAVL1', 'EEF1A2', 'COMMD3-BMI1', 'MAGED2', 'PARP10', 'PWP2', 'MAP2', 'RPL13']"
5,Cytosol (GO:0005829),Golgi apparatus (GO:0005794),142,"['AFTPH', 'STX3', 'SDE2', 'PISD', 'ARHGEF10L', 'KIAA2013', 'GOPC', 'IL18', 'CTTN', 'STOM', 'MEST', 'NNMT', 'TSPYL5', 'APAF1', 'ESD', 'DNMBP', 'RMDN2', 'UBAC1', 'PRKCD', 'GCK', 'UBXN6', 'GLYCTK', 'WWOX', 'RIN2', 'IMPAD1', 'RPS12', 'BST2', 'SORT1', 'FAM65A', 'TMEM214', 'CCDC71L', 'SMAP1', 'TTPAL', 'ARFGEF1', 'FKBP14', 'WDR77', 'DCBLD2', 'CALML4', 'NXN', 'EI24', 'COMTD1', 'GALK1', 'CES2', 'GORAB', 'CYBRD1', 'ARFGAP3', 'ASCC3', 'GRAMD3', 'ATP6V0A1', 'COMMD9', 'CLCN5', 'USP8', 'TSPAN9', 'FKRP', 'ZC3HAV1', 'TMEM41A', 'RNF214', 'FAM174A', 'WWP1', 'HYI', 'OTUD6B', 'TANGO6', 'BICD2', 'GCC1', 'PNPLA8', 'COPG1', 'CLASP2', 'ZMPSTE24', 'STK26', 'FAM20C', 'VPS53', 'CUL5', 'SEMA3C', 'FLNB', 'WDR41', 'ARPC2', 'PSMG1', 'CCDC25', 'COG3', 'GALNT5', 'NMT2', 'FUT8', 'RASSF2', 'NBEA', 'GBA2', 'B2M', 'TDRD3', 'C17orf75', 'FMNL3', 'ERICH5', 'DOCK4', 'TLR4', 'NAA25', 'SPRY4', 'TRAPPC3', 'SYAP1', 'SPNS1', 'HID1', 'PCDH18', 'PAM', 'COL16A1', 'C16orf58', 'ALKBH5', 'SYDE1', 'LRBA', 'ABCB6', 'CDC123', 'FMNL2', 'ARL2', 'LACTB2', 'DNM2', 'EAPP', 'PEX5', 'PIP4K2A', 'ZNF622', 'PPP2R5C', 'SGMS1', 'COPB1', 'FEZ2', 'MAP2K7', 'WDR45B', 'TNFAIP2', 'USP32', 'CAND1', 'TPD52', 'NCOA4', 'GTPBP1', 'COPA', 'ARMCX3', 'OSBP', 'INPPL1', 'BROX', 'HSPA12A', 'HOOK3', 'GOLGA4', 'FAM114A1', 'NAPRT', 'PRKAR2B', 'DENND4C', 'DHRS11', 'SREBF1', 'AOC3']"
6,Cytosol (GO:0005829),Endoplasmic reticulum (GO:0005783),83,"['RPS16', 'RPL18', 'RPS5', 'ZW10', 'RPS17', 'RPS25', 'RPS24', 'RPS29', 'RPS27A', 'DYNC1I2', 'AKR1C2', 'RPL10A', 'RPL19', 'RPS11', 'RPL17', 'RPL28', 'PRKCD', 'FAU', 'LARP1', 'MERTK', 'TMEM214', 'RPS3', 'PGGT1B', 'RPL30', 'RPS15', 'EI24', 'LCLAT1', 'RPS14', 'RPL4', 'CYB5B', 'GANAB', 'RPL29', 'HACD3', 'MRPL4', 'RPLP0', 'RPL9', 'RPLP1', 'MARCKS', 'ARID5B', 'RPS6', 'RPS21', 'GNPTG', 'CYFIP2', 'RPL7', 'ARHGAP5', 'AKR1C3', 'RPS2', 'RPS27L', 'RPL8', 'RPL35', 'DHCR7', 'RPS23', 'RPS20', 'MESDC2', 'RPL26L1', 'RPL21', 'RPL5', 'RAB1A', 'RPL10', 'RPS8', 'RPS27', 'RPS3A', 'PRDX4', 'CAST', 'FKBP8', 'RPL32', 'RPL26', 'AKR1C4', 'RPS26', 'RPL34', 'RPL27A', 'RPL36AL', 'RPL14', 'RPS7', 'DNAJB9', 'RPL24', 'PDIA6', 'CAPZA2', 'FMO5', 'CDS2', 'RPL38', 'RPL13', 'RPL37A']"
7,Cytosol (GO:0005829),Mitochondria (GO:0005739),85,"['SDS', 'MOCOS', 'THNSL1', 'MTFR1', 'USP48', 'ALDH7A1', 'GPN1', 'NARS2', 'CNKSR3', 'NT5DC3', 'SAMD1', 'HINT3', 'CASP14', 'MBTPS2', 'CALHM2', 'ERAL1', 'NDUFV1', 'ARMCX1', 'SRBD1', 'UQCRC1', 'CPNE2', 'NDUFA1', 'OXSM', 'GREB1', 'DOCK8', 'MRPS35', 'LRRC57', 'GSTP1', 'TBC1D15', 'HSCB', 'HACD3', 'GFER', 'HNRNPLL', 'TOMM40', 'DHX30', 'DDX28', 'TXNRD2', 'NR3C1', 'RALGAPA1', 'EIF2A', 'DECR1', 'WDR70', 'EIF4E2', 'MTERF4', 'TSPO', 'PRDX5', 'SPATA2L', 'PICK1', 'TPPP', 'HIGD2A', 'ACO1', 'MRPS16', 'KLC4', 'FXN', 'GDAP1', 'YKT6', 'IDNK', 'PARP9', 'RASSF8', 'FKBP8', 'MYH10', 'SIRT1', 'ABCB6', 'SLC25A20', 'SLC27A1', 'RDH13', 'PDP1', 'GLUL', 'PPOX', 'RGS3', 'PNPLA3', 'SMG9', 'MUL1', 'CPNE3', 'TNRC18', 'APOO', 'MYD88', 'SDHAF2', 'MPST', 'FAM162A', 'ISOC2', 'TAGLN', 'PRKAR2B', 'MUT', 'IFIT3']"
8,Cytosol (GO:0005829),Lysosomes (GO:0005764),3,"['RPTOR', 'HGS', 'RPS6KC1']"
9,Cytosol (GO:0005829),Actin filaments (GO:0015629),55,"['GPX8', 'WWC3', 'ZC2HC1A', 'PALLD', 'TARS', 'NOTCH3', 'P2RX4', 'CRTAP', 'LIMA1', 'PDLIM4', 'ZNF185', 'FLNB', 'LMO7', 'SVIL', 'RAI14', 'MPRIP', 'TAGLN2', 'DHRSX', 'SLC46A3', 'AFAP1', 'NPM3', 'LRCH1', 'MAP3K6', 'TPM3', 'FLNA', 'SYNPO2', '5-Sep', 'MYH10', 'PTPN11', 'SIGLEC10', 'ALG2', 'LCP1', 'TPM1', 'MYH9', 'CNN2', 'GBP2', 'BZW2', 'UBE2K', 'ATP6V1H', '8-Sep', 'TMEM50A', 'TPM4', 'CCDC71L', 'ACACA', 'CTPS1', 'PPP1R12A', 'SYNPO', 'TMOD3', 'PRKRIP1', 'CNN3', 'SSH3', 'NEGR1', 'STRN3', 'PARVA', 'LPIN2']"
10,Cytosol (GO:0005829),Microtubules (GO:0015630),45,"['CKAP2', 'AIDA', 'EMC3', 'ACSF2', 'DCDC2', 'C1RL', 'CCDC117', 'OCRL', 'CHMP5', 'EML4', 'PSMD12', 'AIM1', 'DNAJA1', 'IRAK4', 'WDR11', 'GYS1', 'NDRG1', 'KNSTRN', 'MAP4', 'TRAPPC8', 'SRA1', 'SLC38A3', 'DYNC1I2', 'CLNS1A', 'ENSA', 'CEP120', 'ATP6AP1', 'MAP7D1', 'CENPE', 'PACS1', 'PRKCI', 'AAMP', 'CDC42EP2', 'HMMR', 'FRYL', 'ARHGEF28', 'DST', 'SYNJ2', 'TAGLN', 'KATNB1', 'CEP57', 'POLR2C', 'DHX57', 'EXOC1', 'MAP7']"
11,Cytosol (GO:0005829),Peroxisomes (GO:0005777),0,[]
12,Cytosol (GO:0005829),Nuclear membrane (GO:0031965),37,"['RANGAP1', 'TMEM97', 'TXNL4A', 'MCM3AP', 'BRAP', 'TMEM109', 'MSTO1', 'UHRF1BP1', 'NAV3', 'EOGT', 'SMPD4', 'HACD3', 'ARHGAP10', 'TNFAIP2', 'PTGES3L-AARSD1', 'CDK4', 'PCM1', 'TNRC18', 'C2CD2L', 'MX1', 'STARD13', 'GCH1', 'PRNP', 'FAM169A', 'MLX', 'ARL6IP6', 'XPO1', 'CYP2B6', 'RB1CC1', 'AAAS', 'FAM134C', 'PDE4D', 'KPNB1', 'YTHDF3', 'RALBP1', 'GANAB', 'SDCBP']"
13,Cytosol (GO:0005829),Centrosome (GO:0005813),65,"['CNTRL', 'PLEKHG3', 'ANP32E', 'KXD1', 'ASAP1', 'PXN', 'TWSG1', 'CDK2', 'ARHGAP29', 'VPS37A', 'NIT2', 'DOCK8', 'DYNC1LI2', 'CCDC88B', 'RUVBL2', 'HGF', 'HAUS1', 'CNTLN', 'UBR4', 'NFKBIB', 'C9orf40', 'RPRD1B', 'BCAR3', 'CEP170', 'CNOT10', 'DCTN1', 'DHRS1', 'FAM45A', 'CRMP1', 'ERCC6L', 'SMAD4', 'FCHO2', 'HAUS2', 'EDRF1', 'PCM1', 'C10orf35', 'CHPF', 'SYNJ1', 'DYNC1LI1', 'DCAF13', 'PLEKHA4', 'CEP170B', 'ANP32A', 'HMMR', 'SLAIN2', 'ELP6', 'RAPGEF6', 'RABL6', 'PPP2R1B', 'TACC3', 'UBA3', 'PSMB4', 'ENGASE', 'TXLNA', 'ZFAND1', 'ANP32B', 'HSPA4L', 'STK26', 'MDH1', 'TUBGCP5', 'PRKAR2B', 'AAAS', 'DYNC1H1', 'TDRKH', 'MZT2B']"
14,Cytosol (GO:0005829),Intermediate filaments (GO:0045111),27,"['UAP1L1', 'CRTAP', 'MMP14', 'SMG7', 'KIF3A', 'TFPI', 'EXOSC4', 'CCT8', 'DNAJA2', 'EML4', 'PKN2', 'MTRR', 'MDN1', 'PLEC', 'DCTN1', 'ALS2', 'SBF2', 'PHACTR4', 'UBE2K', 'TARS2', 'EVPL', 'PSMB4', 'DDX60', 'PSMD10', 'DHX57', 'PGD', 'MARS2']"
15,Cytosol (GO:0005829),Focal adhesion sites (GO:0005925),33,"['PTK2', 'ZNF185', 'CARD6', 'PXN', 'TRIP6', 'LIMA1', 'ARL2', 'TES', 'LPP', 'LDB3', 'AFAP1', 'ITGAV', 'SLC4A7', 'ENAH', 'C11orf96', 'PLEC', 'LASP1', 'TGFB1I1', 'NOB1', 'LIMS1', 'TLN2', 'DLGAP4', 'TLN1', 'LRCH4', 'PPFIA1', 'ASCC2', 'SRP68', 'PNMA1', 'TMEM260', 'ABCB1', 'LPXN', 'GIT1', 'PARVA']"
16,Nucleoplasm (GO:0005654),Plasma membrane (GO:0005886),151,"['PLEKHG3', 'TMEM176B', 'EIF2B2', 'GOLPH3L', 'LRRC17', 'ACOT9', 'TRPM4', 'SCRIB', 'MARK2', 'XIAP', 'ADD2', 'PCMTD1', 'ABLIM3', 'SAMHD1', 'PIP5K1A', 'STAB1', 'KIAA1522', 'TJP2', 'DNAJC9', 'STAMBP', 'GPBP1L1', 'TMEM254', 'OSGEP', 'PFAS', 'L1CAM', 'GPI', 'NT5E', 'ARHGEF5', 'ANXA1', 'ATG13', 'UBE3C', 'CIB1', 'JAK2', 'BMPR2', 'ARHGEF26', 'PPP1CA', 'STIP1', 'ACLY', 'PDLIM5', 'SUPT6H', 'ASH2L', 'SLC4A1AP', 'ME1', 'SIN3B', 'UBR2', 'HCFC2', 'ZDHHC5', 'BLVRB', 'ARHGEF12', 'PKN2', 'YOD1', 'MICAL3', 'ARAP1', 'FBXO38', 'GNAS', 'SGCE', 'OGT', 'ARHGAP23', 'LGALS3', 'SLC16A7', 'SPPL2B', 'GNAI2', 'CRTC1', 'ARID4A', 'OAS3', 'ARID5B', 'FAM171A1', 'PLEKHO2', 'CFL2', 'SLC40A1', 'UTRN', 'MMP15', 'ITGA9', 'UAP1', 'ADD1', 'SYMPK', 'METAP1', 'NKTR', 'HCK', 'CCNT2', 'PSMC6', 'NEO1', 'MMACHC', 'CDIPT', 'ATOX1', 'COG3', 'PLAA', 'COQ7', 'PPP1R18', 'RASSF2', 'CCDC97', 'C3orf38', 'ARID2', 'UQCC1', 'ASPSCR1', 'PI4KA', 'PPM1F', 'GALNT10', 'PPL', 'SDHB', 'ATP10D', 'SUGT1', 'ABCB4', 'PALM3', 'KLC2', 'INTS12', 'LSR', 'SLC38A7', 'GFOD1', 'PPP6R3', 'SYVN1', 'UBA3', 'LYST', 'NUP35', 'CD248', 'ACIN1', 'FAM213B', 'RP2', 'GLO1', 'ATG7', 'ABCB6', 'RYR2', 'HSPG2', 'YTHDC1', 'NEDD9', 'CAP2', 'RILPL1', 'PHGDH', 'NCOA1', 'DNAJB4', 'GMIP', 'ADRM1', 'PRRC2A', 'C8orf4', 'MLF2', 'ERAP1', 'SLC8A1', 'IRS1', 'ARHGAP22', 'NSFL1C', 'ETNK1', 'WDR13', 'PVR', 'SLC39A10', 'GCLM', 'NOTCH2', 'RRAD', 'DNAJC6', 'KANSL2', 'FAM129B', 'TACC2']"
17,Nucleoplasm (GO:0005654),Vesicles (GO:0043231),155,"['NRSN2', 'CFDP1', 'DLC1', 'POLR3H', 'CAPZB', 'NADK', 'KDELC2', 'ANGPTL4', 'C18orf32', 'TTI1', 'SLC39A5', 'SMARCD1', 'DAAM2', 'MED23', 'HEXIM1', 'SLC26A11', 'CC2D1B', 'TMEM39A', 'SLC35F6', 'HSPA2', 'PEX6', 'MSH6', 'RUNX1', 'FAM177A1', 'TMEM184C', 'LGMN', 'RNF13', 'TTC33', 'POLE2', 'SAFB2', 'ARHGAP25', 'MBD1', 'STAM2', 'SLC22A23', 'TBC1D22A', 'SMARCA1', 'SH3BP5L', 'SLC4A1AP', 'UNC13B', 'RAPGEF2', 'ZMIZ1', 'CLINT1', 'NEU3', 'HSPA6', 'EIF1AD', 'ZNF326', 'ABCA1', 'GOLT1B', 'LSM8', 'BCL3', 'ABHD6', 'ERGIC1', 'ARID3A', 'TRIP10', 'YIPF5', 'ARL6', 'ARAP1', 'TRAPPC9', 'SGCE', 'TCEA3', 'UBR1', 'EBF3', 'VTA1', 'NELFCD', 'WNT2B', 'FOXJ3', 'STK39', 'DIDO1', 'CTDP1', 'GJA1', 'ITGA9', 'EPN3', 'HSPA8', 'RFC3', 'FAM98B', 'CIC', 'STX12', 'AUP1', 'AP2A2', 'TRAPPC2B', 'NIPBL', 'CPE', 'MRPL34', 'LIG1', 'BTAF1', 'SREBF2', 'MSH2', 'SCAMP1', 'TRIM33', 'SEC23A', 'ALDH1B1', 'CHUK', 'POU2F1', 'PDZK1', 'FAM192A', 'AEBP1', 'ASPSCR1', 'DENND1A', 'EXOC6', 'SLFN5', 'SZT2', 'TEP1', 'SLC2A10', 'ASAP3', 'HSPA1B', 'DRG2', 'MAX', 'PLA2G15', 'SLC22A3', 'C16orf58', 'XPO1', 'ACSS2', 'NSMCE1', 'RSBN1', 'ARMC8', 'SLC38A9', 'CYP2U1', 'UBA7', 'HECTD4', 'TRIM65', 'ZNF638', 'NBR1', 'CPSF2', 'IGFBP3', 'DAP', 'MAN2B1', 'DGKA', 'GGA1', 'HPSE', 'YY1', 'DIP2C', 'CSNK2A2', 'C17orf80', 'VPS13D', 'LAMTOR2', 'RTCB', 'LRP1', 'RAB8B', 'LAMA5', 'SMARCA2', 'MFSD8', 'TNNC2', 'PMF1-BGLAP', 'RPRD2', 'PVR', 'TMSB4X', 'CPEB4', 'NUP98', 'SEC13', 'TNRC6A', 'PEF1', 'POR', 'SGK3', 'MRPS24', 'RGS14']"
18,Nucleoplasm (GO:0005654),Nucleus (GO:0005634),0,[]
19,Nucleoplasm (GO:0005654),Nucleoli (GO:0005730),16,"['FEN1', 'CPT2', 'GET4', 'PIK3CB', 'GMPR2', 'C16orf58', 'CHD7', 'TBPL1', 'PAK1IP1', 'APOC3', 'PVALB', 'MNDA', 'INO80E', 'UBXN8', 'ZFX', 'ILF3']"
20,Nucleoplasm (GO:0005654),Golgi apparatus (GO:0005794),105,"['YIPF3', 'TMEM176B', 'POF1B', 'CWF19L1', 'DLC1', 'DPY30', 'COG5', 'MDFIC', 'QSOX2', 'OSBPL11', 'CCDC91', 'LYZ', 'NNMT', 'APAF1', 'RFC2', 'SLC26A11', 'MSH6', 'NOVA2', 'TTC33', 'PPHLN1', 'GPR107', 'ARFGEF1', 'FAM20B', 'TBC1D22A', 'GOSR2', 'WDR77', 'OGFRL1', 'CALML4', 'SH3BP5L', 'UNC13B', 'AP3B1', 'MED8', 'CCAR1', 'ZNF326', 'GCC2', 'TRRAP', 'GRAMD3', 'YIPF5', 'HDAC3', 'TSPAN9', 'SGCE', 'TRAPPC9', 'ZMYND8', 'TMEM41A', 'FURIN', 'OTUD6B', 'PNPLA8', 'COPG1', 'NUDT7', 'FAM20C', 'USP33', 'STX12', 'CLSPN', 'TSPAN3', 'PDIA5', 'PSMG1', 'NEO1', 'CCDC25', 'STX5', 'COG3', 'LIG1', 'RNPEP', 'RASSF2', 'SACM1L', 'POSTN', 'GPSM1', 'GBA2', 'CYB5R2', 'TDRD3', 'GALNT10', 'ERICH5', 'USP53', 'SYAP1', 'MAX', 'C16orf58', 'ALKBH5', 'TAF7', 'SYDE1', 'VPS54', 'ABCB6', 'CYP2U1', 'CDC123', 'FAM198B', 'PLEKHA8', 'ATR', 'MLST8', 'PPP2R5C', 'SGMS1', 'STX6', 'CAND1', 'NBN', 'COPA', 'ARMCX3', 'ANAPC10', 'ADI1', 'CUX1', 'CPEB4', 'BROX', 'RRAD', 'COL4A3BP', 'TGOLN2', 'TNRC6A', 'SCRN2', 'SULT1B1', 'DIEXF']"
21,Nucleoplasm (GO:0005654),Endoplasmic reticulum (GO:0005783),11,"['YIPF5', 'TMEM205', 'SYVN1', 'PTDSS1', 'POU2F1', 'TRAPPC2B', 'PGGT1B', 'ITFG2', 'ZMYM2', 'UBXN8', 'ARID5B']"
22,Nucleoplasm (GO:0005654),Mitochondria (GO:0005739),99,"['OAT', 'DAP3', 'HIBCH', 'PDHB', 'USP48', 'GPN1', 'NARS2', 'CPT2', 'BRI3BP', 'NDUFAB1', 'PDK2', 'TMEM70', 'OMA1', 'MORC3', 'COQ3', 'ABLIM2', 'OPA1', 'TNNC1', 'MBTPS2', 'SFXN5', 'ZZEF1', 'TRMU', 'DEPTOR', 'CALHM2', 'SLC44A1', 'EARS2', 'ENY2', 'UBE3C', 'CPNE2', 'CHCHD1', 'DOCK8', 'DHODH', 'NDUFB5', 'HIGD1A', 'LRRC8D', 'ANKRD52', 'SLC25A10', 'UCHL5', 'CORO7-PAM16', 'ZCCHC24', 'EXOC3', 'DHRS7', 'LARS2', 'GCAT', 'ILF3', 'NR3C1', 'CARS2', 'TRIAP1', 'PUS10', 'PCF11', 'MRPL2', 'PCYOX1L', 'PDF', 'ALAS1', 'IMPA1', 'TMPPE', 'SPATA2L', 'BRD8', 'SREBF2', 'ALDH1B1', 'RTKN', 'UGP2', 'TIMM50', 'TRMT10C', 'BRPF3', 'MRPL21', 'IVD', 'SDHB', 'HCFC1', 'PARP9', 'MRPL46', 'MTERF3', 'CCDC51', 'GPX4', 'MFSD12', 'ABCB6', 'CASP3', 'LETMD1', 'DOPEY2', 'PDP1', 'RGS3', 'DAP', 'MUL1', 'DGKA', 'C2orf49', 'ATP5S', 'IMPA2', 'ANGEL2', 'IFT27', 'AMT', 'NRDE2', 'TNRC18', 'MTIF3', 'NDUFA9', 'NDUFS2', 'SLC25A22', 'EIF4EBP2', 'LIAS', 'MRPL43']"
23,Nucleoplasm (GO:0005654),Lysosomes (GO:0005764),2,"['RPTOR', 'TMEM192']"
24,Nucleoplasm (GO:0005654),Actin filaments (GO:0015629),14,"['LYZ', 'TNNC1', 'NOTCH3', 'SMTN', 'CNN2', 'ABCB4', 'GBP2', 'SZT2', 'PSMD1', 'SYNPO', '5-Sep', 'STRN3', 'UQCC1', 'INTS6']"
25,Nucleoplasm (GO:0005654),Microtubules (GO:0015630),14,"['HYPK', 'OTUD7B', 'CORO7-PAM16', 'ACSF2', 'PLCB4', 'CENPE', 'FAM91A1', 'POLR2C', 'RNF141', 'RBM39', 'PCIF1', 'SRA1', 'RPUSD2', 'ANKRD54']"
26,Nucleoplasm (GO:0005654),Peroxisomes (GO:0005777),1,['PEX3']
27,Nucleoplasm (GO:0005654),Nuclear membrane (GO:0031965),31,"['INA', 'MAD1L1', 'TRAPPC11', 'TFPT', 'NUP50', 'CDIPT', 'TMEM205', 'SYNE1', 'UHRF1BP1', 'EOGT', 'NHSL1', 'ARHGAP10', 'KLHDC2', 'DCTN5', 'CRAT', 'TNRC18', 'YEATS4', 'TMEM154', 'POM121C', 'GCH1', 'CPNE1', 'MLX', 'NUP35', 'XPO1', 'CYP2B6', 'FAM134C', 'KPNB1', 'BCL2', 'MFSD10', 'CPD', 'SDCBP']"
28,Nucleoplasm (GO:0005654),Centrosome (GO:0005813),36,"['ANP32E', 'PLEKHG3', 'RAPGEF2', 'CDK2', 'POLR3H', 'GINS4', 'CCDC88B', 'CPE', 'RUVBL2', 'CNTLN', 'UBR4', 'NFKBIB', 'UGP2', 'C9orf40', 'RPRD1B', 'CNOT10', 'TUBGCP2', 'KIAA1109', 'ERCC6L', 'SMAD4', 'HAUS2', 'KIF2C', 'UBE2Q1', 'EDRF1', 'SPPL2B', 'SYNJ1', 'NDC80', 'ANP32A', 'MED20', 'UBA3', 'MAPKAPK2', 'ANP32B', 'TXLNA', 'CAMSAP3', 'CCDC51', 'DOCK8']"
29,Nucleoplasm (GO:0005654),Intermediate filaments (GO:0045111),10,"['INA', 'PKN2', 'ZNF131', 'ZFC3H1', 'SMARCA2', 'MTRR', 'KIF3A', 'DTNA', 'TARS2', 'SBF2']"
30,Nucleoplasm (GO:0005654),Focal adhesion sites (GO:0005925),12,"['LDB3', 'EIF2B2', 'FERMT2', 'ABCB1', 'DLGAP4', 'JAK2', 'ABCB4', 'LRCH4', 'GPBP1L1', 'SORBS3', 'PDLIM5', 'ARHGAP4']"
31,Plasma membrane (GO:0005886),Vesicles (GO:0043231),71,"['CCDC93', 'SLC4A1AP', 'NPL', 'TRAF7', 'PACSIN2', 'ITSN2', 'ADAM10', 'SLC43A1', 'CSF1R', 'SCAMP4', 'PTRF', 'MIB1', 'IQGAP2', 'AADAT', 'ERC1', 'CAV3', 'DAB2', 'CTTN', 'IFIT5', 'PLIN4', 'PCDHGC3', 'STOM', 'CCDC115', 'PCDHGA11', 'PTPRK', 'NUS1', 'ARAP1', 'JUP', 'SYNC', 'SYK', 'NRP2', 'SLC30A1', 'LYN', 'CTSF', 'SGCE', 'HIP1R', 'SLC12A2', 'MYOF', 'MKLN1', 'ASPSCR1', 'EVA1A', 'RNF149', 'FMNL3', 'LAMTOR1', 'C7orf43', 'SLC9A3R1', 'ABHD3', 'TACSTD2', 'AMACR', 'CD93', 'PODXL', 'FLOT1', 'SLC7A5', 'PLXNA3', 'PAG1', 'PVR', 'CD47', 'REPS1', 'GPRC5A', 'TGFBR1', 'EEPD1', 'MPZL1', 'CLTB', 'VPS36', 'YIPF4', 'ITGA9', 'PTPRB', 'ARPC5', 'SMPD2', 'SNRK', 'EXOC7']"
32,Plasma membrane (GO:0005886),Nucleus (GO:0005634),63,"['NPR1', 'EPHB2', 'ARHGAP29', 'PLSCR1', 'RAB8A', 'HINT1', 'GIPC1', 'SSFA2', 'ZGPAT', 'SFSWAP', 'RGS10', 'NF2', 'CRYL1', 'CHMP2A', 'SIPA1', 'PCDHGC3', 'OPHN1', 'NUDCD3', 'PCDHGA11', 'MAP3K6', 'CD34', 'SYTL2', 'XPC', 'PPP1CB', 'HMGCS1', 'LENG1', 'CD33', 'PPP4C', 'SOD1', 'MPHOSPH8', 'SMAD1', 'POLE', 'PIK3AP1', 'USP20', 'PALM', 'ABHD3', 'THY1', 'XPO6', 'PDGFRA', 'COMMD4', 'PDHX', 'MARCKS', 'GAS2', 'GALE', 'TRMT1', 'S100A13', 'PPP2R1B', 'SRPK1', 'SLC3A2', 'MRPL44', 'KMT2D', 'C2orf72', 'CSPG4', 'LMCD1', 'TRAPPC13', 'TBC1D9B', 'ATXN3', 'EPB41L2', 'TDP1', 'CDK5', 'PSTPIP2', 'SNRK', 'CRIP2']"
33,Plasma membrane (GO:0005886),Nucleoli (GO:0005730),27,"['NPR1', 'MYO10', 'TSG101', 'ATP13A3', 'EHBP1L1', 'PFDN1', 'C18orf21', 'CRYL1', 'SIPA1', 'DDAH1', 'AKAP11', 'WDR12', 'DCTN6', 'SPG11', 'CKAP5', 'DOCK4', 'TACSTD2', 'XPO6', 'HELZ', 'S100A13', 'UTP20', 'GAS2', 'PAFAH1B2', 'CDV3', 'WDFY3', 'ATXN3', 'CRIP2']"
34,Plasma membrane (GO:0005886),Golgi apparatus (GO:0005794),59,"['CCDC69', 'TMEM176B', 'COMTD1', 'ABCB6', 'ARL15', 'FMNL2', 'SEMA3C', 'FLNB', 'PLSCR1', 'SLC43A1', 'SCAMP4', 'NEO1', 'SDE2', 'SLC39A14', 'CRYL1', 'CTTN', 'SIPA1', 'COG3', 'PIP4K2A', 'CLCN5', 'STOM', 'NMT2', 'CDH1', 'SYNC', 'IL6ST', 'RASSF2', 'EPHA2', 'LYN', 'SGCE', 'MAP2K7', 'SYTL2', 'B2M', 'GALNT10', 'FMNL3', 'LAMTOR1', 'DOCK4', 'UBAC1', 'WWP1', 'HYI', 'GNB1', 'FLOT1', 'METTL15', 'HLA-A', 'BICD2', 'BST2', 'HPS3', 'SORT1', 'GCC1', 'CD47', 'ISLR', 'SDC4', 'COL16A1', 'FCGBP', 'CD44', 'RRAD', 'SMAP1', 'YIPF4', 'ARHGEF11', 'DCBLD2']"
35,Plasma membrane (GO:0005886),Endoplasmic reticulum (GO:0005783),12,"['RPL36AL', 'SLC39A14', 'ASGR2', 'MERTK', 'SYVN1', 'ANKLE2', 'SEC16B', 'CYFIP2', 'LAMC1', 'ITGB1', 'MARCKS', 'ARID5B']"
36,Plasma membrane (GO:0005886),Mitochondria (GO:0005739),18,"['WARS2', 'SUCLG2', 'MRPL44', 'ABCB6', 'MRPL42', 'UBE3C', 'SDHB', 'CTNNBIP1', 'C12orf73', 'NLRX1', 'SLC27A1', 'ITGB5', 'OTULIN', 'PDHX', 'LRP12', 'SUCLG1', 'PSTPIP2', 'C1QBP']"
37,Plasma membrane (GO:0005886),Lysosomes (GO:0005764),1,['VPS36']
38,Plasma membrane (GO:0005886),Actin filaments (GO:0015629),44,"['CCDC69', 'DBN1', 'NDC1', 'ZNF185', 'PALLD', 'LPIN2', 'TMEM63B', 'PALMD', 'FCHSD2', 'LIMA1', 'FLNB', 'TRIM71', 'AVEN', 'SVIL', 'ARHGAP21', 'AMDHD1', 'DDR2', 'SLC46A3', 'MAP3K6', 'FLNA', 'CDC42EP4', 'UQCC1', 'MACF1', 'PPP1R12B', 'LRRFIP2', 'SIGLEC10', 'LCP1', 'CDC42EP3', 'SIPA1L1', 'PDLIM1', 'MYH9', 'CDC42EP1', 'MYLK', 'ABCB4', 'BZW2', 'SEC16B', 'PAWR', 'METTL15', 'HELZ', 'TMEM50A', 'FMN2', 'CYP20A1', 'SSH3', 'CALD1']"
39,Plasma membrane (GO:0005886),Microtubules (GO:0015630),7,"['ARHGEF28', 'ATP6AP1', 'DIAPH3', 'KATNB1', 'EXOC1', 'MAP4', 'CDC42EP4']"
40,Plasma membrane (GO:0005886),Peroxisomes (GO:0005777),0,[]
41,Plasma membrane (GO:0005886),Nuclear membrane (GO:0031965),8,"['TMEM97', 'NDC1', 'NUP35', 'PDE4D', 'SLC16A3', 'GRK5', 'MIB1', 'CDIPT']"
42,Plasma membrane (GO:0005886),Centrosome (GO:0005813),16,"['PLEKHG3', 'PPP2R1B', 'CKAP5', 'UBA3', 'ASAP1', 'C12orf73', 'ARHGAP29', 'SORBS1', 'CROCC', 'SPPL2B', 'AVEN', 'BCAR3', 'CEP170', 'TRIM38', 'PLEKHA4', 'FAM45A']"
43,Plasma membrane (GO:0005886),Intermediate filaments (GO:0045111),2,"['PHACTR4', 'PKN2']"
44,Plasma membrane (GO:0005886),Focal adhesion sites (GO:0005925),26,"['RELN', 'EIF2B2', 'ZNF185', 'TRIP6', 'FCHSD2', 'LIMA1', 'PALMD', 'TRIM71', 'ITGB1', 'TES', 'AMDHD1', 'SLC4A7', 'ENAH', 'ACTN1', 'LASP1', 'GPBP1L1', 'RASAL2', 'TLN1', 'ABCB4', 'CUTA', 'JAK2', 'SORBS1', 'CORO2B', 'HAUS4', 'VASP', 'PDLIM5']"
45,Vesicles (GO:0043231),Nucleus (GO:0005634),55,"['PACSIN1', 'PTPRA', 'XAB2', 'GGT7', 'NUDT5', 'TIAL1', 'FES', 'SRFBP1', 'SLC35B1', 'CERS4', 'PSMA4', 'MTA3', 'ACOX1', 'SEC24B', 'MYCBP2', 'ANXA10', 'PCDHGC3', 'PCDHGA11', 'ATP6V1A', 'HEBP1', 'ARFIP1', 'OSTM1', 'LRRK2', 'CAMLG', 'LRWD1', 'NUP214', 'CLEC16A', 'RUFY1', 'ACBD4', 'NPC1', 'LRMP', 'CEBPZ', 'RRAGC', 'TOX4', 'VRK3', 'AKT2', 'ABHD3', 'MYPN', 'GDE1', 'PSD3', 'COLGALT2', 'HELLS', 'ZADH2', 'VPS37C', 'S100B', 'MPO', 'HSD17B6', 'ATG2A', 'PAK2', 'NOS1AP', 'CDKN1B', 'PARG', 'ALDOC', 'PHF14', 'SNRK']"
46,Vesicles (GO:0043231),Nucleoli (GO:0005730),27,"['MYBBP1A', 'FBXW11', 'DDX31', 'ANXA10', 'GALNT5', 'SLC6A15', 'CAMLG', 'LRWD1', 'TRA2A', 'MAK16', 'ERGIC2', 'TOX4', 'AGPAT4', 'CTSB', 'TACSTD2', 'CBS', 'VPS51', 'RPL7A', 'GDE1', 'PLEKHM1', 'PDCD11', 'IQSEC1', 'C16orf58', 'UTP3', 'AGTPBP1', 'POP7', 'DIAPH2']"
47,Vesicles (GO:0043231),Golgi apparatus (GO:0005794),109,"['AFTPH', 'WDTC1', 'DLC1', 'PSMD6', 'SLC43A1', 'SCAMP4', 'ARHGEF10L', 'CTTN', 'STOM', 'ARFIP1', 'SCAMP2', 'GNPDA2', 'TMEM165', 'SLC26A11', 'GLB1', 'DRAM2', 'GAK', 'RPS12', 'CD68', 'MSH6', 'ATP7A', 'TTC33', 'ZADH2', 'GPR108', 'ITIH5', 'PTGS1', 'TBC1D22A', 'SH3BP5L', 'FKBP9', 'UNC13B', 'ZNF326', 'TM9SF3', 'ATP6V0A1', 'YIPF5', 'CST3', 'SGCE', 'TRAPPC9', 'GNG2', 'CASP10', 'AP1S1', 'LAMTOR1', 'FLOT1', 'ITM2B', 'ORM2', 'PDGFRB', 'HELLS', 'PRKAR2A', 'YIF1B', 'ARFGAP1', 'GOLPH3', 'STX12', 'PDXDC1', 'ZDHHC17', 'DENND5A', 'SPCS1', 'ILVBL', 'LIG1', 'AP1B1', 'GALNT5', 'SYNC', 'APP', 'TBC1D5', 'FMNL3', 'AGPAT4', 'TMEM181', 'OSBPL9', 'ARCN1', 'IGF2R', 'SPNS1', 'MAX', 'IGFBP5', 'CD47', 'ORM1', 'AP1S2', 'C16orf58', 'GPC6', 'MRPL55', 'KIAA0430', 'EVI5', 'DPP7', 'CYP2U1', 'BIRC6', 'DDX31', 'RRAGA', 'FAM207A', 'VTI1A', 'MARCO', 'AKAP9', 'CD59', 'MBNL3', 'COPB1', 'LYN', 'RBP5', 'TMEM87B', 'HSD17B13', 'GNPDA1', 'QSOX1', 'VPS51', 'VTI1B', 'CPEB4', 'GOLGA4', 'CPQ', 'YIPF4', 'TNRC6A', 'DENND4C', 'COG4', 'YIF1A', 'PCOLCE', 'RAB20']"
48,Vesicles (GO:0043231),Endoplasmic reticulum (GO:0005783),18,"['TMCC3', 'VTN', 'ISOC1', 'YIPF5', 'PAH', 'P4HA2', 'COMT', 'TM7SF2', 'PRAF2', 'ADAM9', 'TRAPPC2B', 'POU2F1', 'DBH', 'SLC35B1', 'P4HA1', 'DIAPH2', 'RCN3', 'CFB']"
49,Vesicles (GO:0043231),Mitochondria (GO:0005739),15,"['FKBP9', 'DAP', 'PHB', 'SREBF2', 'DGKA', 'TSPO', 'ALDH1B1', 'AASS', 'SLC25A25', 'ACOT8', 'MYD88', 'P4HA1', 'DPYSL4', 'SLC25A35', 'AGK']"
50,Vesicles (GO:0043231),Lysosomes (GO:0005764),2,"['VPS36', 'CLTA']"
51,Vesicles (GO:0043231),Actin filaments (GO:0015629),6,"['SZT2', 'SYNPO2', 'NEGR1', 'TAX1BP3', 'TRUB1', 'LHFPL2']"
52,Vesicles (GO:0043231),Microtubules (GO:0015630),5,"['PIK3R4', 'METTL7B', 'CREG1', 'GIGYF1', 'SPTAN1']"
53,Vesicles (GO:0043231),Peroxisomes (GO:0005777),0,[]
54,Vesicles (GO:0043231),Nuclear membrane (GO:0031965),10,"['RANGAP1', 'RGPD3', 'DHRS4', 'XPO1', 'TOR1A', 'ARFGAP1', 'TMEM209', 'MIB1', 'RALBP1', 'PRNP']"
55,Vesicles (GO:0043231),Centrosome (GO:0005813),11,"['AKAP9', 'FCHO2', 'RAPGEF2', 'TACC3', 'QRSL1', 'CHPF', 'NUDT5', 'VPS37A', 'POLR3H', 'CPE', 'RABL2B']"
56,Vesicles (GO:0043231),Intermediate filaments (GO:0045111),5,"['DOLPP1', 'SMARCA2', 'SH3RF1', 'VPS4B', 'PGS1']"
57,Vesicles (GO:0043231),Focal adhesion sites (GO:0005925),3,"['PTK2', 'SIKE1', 'NUP214']"
58,Nucleus (GO:0005634),Nucleoli (GO:0005730),231,"['HMGB3', 'DDX21', 'IMP3', 'ATP6V1G1', 'TOP2A', 'PAPSS1', 'WDR3', 'MKI67', 'GTF3C1', 'NOP9', 'GNAI3', 'ANXA10', 'ATXN1', 'FPR1', 'UPF3B', 'HECTD1', 'ZEB2', 'MDN1', 'GZF1', 'SPATA5L1', 'NIP7', 'CUL1', 'POLE3', 'MFSD1', 'SH3TC1', 'GCLC', 'TLDC1', 'NSA2', 'REXO4', 'DDA1', 'MED27', 'SUZ12', 'SMPDL3A', 'HMGB2', 'ERMP1', 'ABHD14B', 'RPP30', 'ZSCAN26', 'EIF3L', 'MPHOSPH6', 'XRN2', 'SRP14', 'GAS2', 'TRMT5', 'WDR55', 'NGDN', 'ECHDC3', 'CMSS1', 'LSM3', 'DIMT1', 'RPS6KA3', 'CLDND1', 'HEATR5B', 'GPATCH4', 'SURF6', 'CENPH', 'NLE1', 'WDR74', 'ELMOD2', 'NPR1', 'CRIP2', 'SRSF5', 'RPL22', 'SPON1', 'GRWD1', 'NMD3', 'THSD4', 'PHF6', 'TAOK2', 'UTP18', 'CRISPLD2', 'HMGA1', 'NPM1', 'NOL6', 'TSSC1', 'HN1', 'UBE2R2', 'ARRDC1', 'CRYL1', 'PYCARD', 'SIPA1', 'YAP1', 'NUCKS1', 'RBBP5', 'CAMLG', 'PTPN6', 'PTPN11', 'OARD1', 'MRPL4', 'SUB1', 'TRIM27', 'C7orf50', 'SUMO1', 'TOX4', 'UBLCP1', 'DDX55', 'ALG14', 'RAC1', 'INTS3', 'NOC4L', 'EXOSC10', 'MOB2', 'GNL3L', 'PIN4', 'RPL22L1', 'RRP7A', 'S100A13', 'NSUN5', 'RPF2', 'WBSCR22', 'MED21', 'DDX51', 'MAPK13', 'PIGO', 'DEPDC7', 'PELP1', 'MYRIP', 'SNX30', 'KRR1', 'CCDC59', 'MRTO4', 'GFPT1', 'EXOSC9', 'UBFD1', 'ILF2', 'FAM3A', 'EXOSC2', 'DDX23', 'DENND4A', 'CPN1', 'RBM34', 'DDX54', 'NCL', 'EWSR1', 'RTFDC1', 'IFI16', 'NUB1', 'RRP8', 'RPS19BP1', 'PNKP', 'MOB1B', 'EMG1', 'NBEA', 'SMC2', 'GPALPP1', 'PNO1', 'TYW1', 'ENSA', 'C2CD2L', 'PCDH1', 'TNPO2', 'GLOD4', 'DCAF13', 'DPH6', 'XPO6', 'NOL7', 'ASNA1', 'DCUN1D5', 'C11orf68', 'CERCAM', 'ATXN3', 'PPID', 'RCOR3', 'EXOC4', 'PARP2', 'ESF1', 'SLBP', 'IQGAP3', 'TSPYL1', 'ZNF593', 'NUDT16', 'ARL2', 'PBDC1', 'LYAR', 'SMAD2', 'EXOSC5', 'BMS1', 'PCTP', 'PES1', 'KIF2A', 'NOP14', 'ZNF622', 'CHD3', 'ZFP91', 'TRMT1L', 'AGAP2', 'GNAI1', 'TXN', 'FAM98C', 'UBR3', 'HDDC2', 'LRP10', 'H1FX', 'VASN', 'ADAR', 'SMIM20', 'CPNE3', 'LRWD1', 'ATAD1', 'TCEA1', 'CDK4', 'SIRT2', 'FRMD8', 'PTMS', 'CIRBP', 'NKIRAS2', 'SENP3', 'CDCA8', 'GEMIN2', 'PCID2', 'BOP1', 'SDAD1', 'GYG2', 'RBL2', 'SF3B3', 'GDE1', 'APTX', 'RRP15', 'DDX52', 'CCDC86', 'ELAVL1', 'FXYD1', 'ORC4', 'COMMD3-BMI1', 'MAGED2', 'ACADVL', 'NOC3L', 'BYSL', 'HIST1H1C', 'NIN', 'NKRF']"
59,Nucleus (GO:0005634),Golgi apparatus (GO:0005794),49,"['BET1L', 'GALNT7', 'FAM210A', 'GORAB', 'WDR41', 'ARL2', 'DENND4B', 'PLSCR1', 'STX3', 'RPRD1A', 'AJUBA', 'LACTB2', 'ARFIP2', 'EAPP', 'DDX54', 'IL18', 'CRYL1', 'TRIP11', 'SIPA1', 'BLZF1', 'ZNF622', 'FPR1', 'PSMD11', 'COMMD9', 'SMIM13', 'ARFIP1', 'FRMD4A', 'PSEN1', 'SYTL2', 'WDR45B', 'NBEA', 'TNFAIP2', 'FKRP', 'GOLGA3', 'IMPAD1', 'RXRA', 'ZNF148', 'SLC30A5', 'HELLS', 'OSBP', 'ZADH2', 'FAM114A1', 'NAPRT', 'STK26', 'MYRIP', 'FKBP14', 'H1F0', 'ARIH1', 'PFDN6']"
60,Nucleus (GO:0005634),Endoplasmic reticulum (GO:0005783),10,"['AKR1C2', 'AKR1C4', 'MXRA7', 'AKR1C3', 'ITPR2', 'LARP1', 'PPIB', 'SLC35B1', 'MARCKS', 'MRPL4']"
61,Nucleus (GO:0005634),Mitochondria (GO:0005739),56,"['KIAA0391', 'SLC25A44', 'FAM210A', 'ACSL1', 'NOL6', 'ICAM3', 'LUC7L', 'CD72', 'GUF1', 'ZKSCAN1', 'ACSL5', 'AGAP2', 'FAHD1', 'COA7', 'VASN', 'COA4', 'TSFM', 'PPCS', 'HSCB', 'AS3MT', 'MAFF', 'CPNE3', 'PPA2', 'DHRS2', 'ATAD1', 'TRABD', 'TLR2', 'CASP14', 'CBX6', 'LONP1', 'HNRNPLL', 'SMPDL3A', 'DARS2', 'PDHX', 'NOL7', 'ARMCX1', 'ARMCX2', 'PUS1', 'RRP15', 'ECHDC3', 'NGDN', 'MRPL44', 'TMEM223', 'GLDC', 'CMSS1', 'ABCB8', 'TIMMDC1', 'ACADVL', 'CD3EAP', 'ZMAT2', 'GFM1', 'MICU2', 'SDHAF4', 'PSTPIP2', 'MANBAL', 'SIRT1']"
62,Nucleus (GO:0005634),Lysosomes (GO:0005764),0,[]
63,Nucleus (GO:0005634),Actin filaments (GO:0015629),10,"['SPON1', 'XIRP1', 'NCOA5', 'SH3BP2', 'DDX59', 'MAP3K6', '2-Sep', 'RAI14', 'H1F0', 'PTPN11']"
64,Nucleus (GO:0005634),Microtubules (GO:0015630),12,"['AKT1', 'CLNS1A', 'ESRRA', 'ENSA', 'TRMT112', 'GTF2F2', 'DST', 'PSMD12', 'AIM1', 'NAE1', 'BUD31', 'CCDC117']"
65,Nucleus (GO:0005634),Peroxisomes (GO:0005777),0,[]
66,Nucleus (GO:0005634),Nuclear membrane (GO:0031965),25,"['NUP62', 'ZNF292', 'RCC1', 'WDR3', 'TXNL4A', 'MCM3AP', 'UTP18', 'ANKRD17', 'HN1', 'ICAM3', 'TMEM201', 'ZC3HC1', 'SMIM13', 'TNFAIP2', 'RIN1', 'ADPRH', 'SUMO1', 'CDK4', 'C2CD2L', 'GTF3C3', 'TMEM175', 'TMEM223', 'INPP4A', 'CMSS1', 'MRTO4']"
67,Nucleus (GO:0005634),Centrosome (GO:0005813),21,"['ACTR8', 'NUDT5', 'ARHGAP29', 'DHX35', 'BUD31', 'KIF2A', 'GNAI3', 'PSMB5', 'GNAI1', 'NAE1', 'DHRS1', 'ARL3', 'C10orf35', 'DCTN4', 'DCAF13', 'EMC6', 'ELP6', 'PPP2R1B', 'CXorf56', 'STK26', 'NIN']"
68,Nucleus (GO:0005634),Intermediate filaments (GO:0045111),3,"['TSSC1', 'CCT8', 'MDN1']"
69,Nucleus (GO:0005634),Focal adhesion sites (GO:0005925),8,"['LIMD1', 'ARL2', 'SENP1', 'C11orf96', 'ASCC2', 'NUP214', 'TMEM260', 'DCAF6']"
70,Nucleoli (GO:0005730),Golgi apparatus (GO:0005794),23,"['PWP1', 'ARL2', 'DDX31', 'NBAS', 'DDX54', 'CRYL1', 'SIPA1', 'ZNF622', 'FPR1', 'GALNT5', 'KIAA0319L', 'C12orf43', 'FEZ2', 'NBEA', 'NCOA4', 'DNMBP', 'AGPAT4', 'DOCK4', 'RIN2', 'VPS51', 'C16orf58', 'MYRIP', 'SNAPIN']"
71,Nucleoli (GO:0005730),Endoplasmic reticulum (GO:0005783),32,"['UTP15', 'EIF2S2', 'DGAT1', 'RPL13', 'RPL26', 'RPL18', 'RPS27L', 'RPL4', 'RPL8', 'TMX1', 'RPL29', 'RPS17', 'RPS26', 'RPL34', 'DDRGK1', 'VMP1', 'UBXN8', 'RPS27A', 'MRPL4', 'DYNC1I2', 'RPL10A', 'RPL9', 'RPL26L1', 'RPL19', 'RPS11', 'RPL5', 'FAU', 'PGRMC1', 'RPS27', 'RPS3A', 'RPL7', 'DIAPH2']"
72,Nucleoli (GO:0005730),Mitochondria (GO:0005739),38,"['MAOB', 'REXO2', 'MTX2', 'COX7A2L', 'CCDC58', 'TTC28', 'NOL6', 'PDK3', 'PDK1', 'PNPLA3', 'CPT2', 'AGAP2', 'SLC1A3', 'PFKL', 'VASN', 'LAMB3', 'HINT3', 'CPNE3', 'MYL3', 'ATAD1', 'SMPDL3A', 'COQ5', 'DDX28', 'MRPS31', 'TRAF6', 'RPL7L1', 'SDHAF2', 'NOL7', 'ILF3', 'RRP15', 'ECHDC3', 'NGDN', 'DHRS3', 'MRPL40', 'MRPS9', 'CMSS1', 'ACADVL', 'DDX49']"
73,Nucleoli (GO:0005730),Lysosomes (GO:0005764),0,[]
74,Nucleoli (GO:0005730),Actin filaments (GO:0015629),6,"['SPON1', '7-Sep', 'NPM3', 'LRCH1', 'HELZ', 'PTPN11']"
75,Nucleoli (GO:0005730),Microtubules (GO:0015630),6,"['DYNC1I2', 'TBCA', 'ENSA', 'MTUS1', 'IRAK4', 'DHX57']"
76,Nucleoli (GO:0005730),Peroxisomes (GO:0005777),0,[]
77,Nucleoli (GO:0005730),Nuclear membrane (GO:0031965),16,"['CDK4', 'SUMO1', 'GTPBP4', 'RAB29', 'DOCK11', 'C2CD2L', 'NEK1', 'WDR3', 'GLE1', 'CMSS1', 'RBMX2', 'UTP18', 'STARD13', 'HN1', 'MRTO4', 'NBAS']"
78,Nucleoli (GO:0005730),Centrosome (GO:0005813),6,"['KIF2A', 'GNAI3', 'CKAP5', 'GNAI1', 'DCAF13', 'NIN']"
79,Nucleoli (GO:0005730),Intermediate filaments (GO:0045111),5,"['MDN1', 'NOL9', 'DHX57', 'TSSC1', 'DNAJA2']"
80,Nucleoli (GO:0005730),Focal adhesion sites (GO:0005925),2,"['REXO2', 'ARL2']"
81,Golgi apparatus (GO:0005794),Endoplasmic reticulum (GO:0005783),14,"['EI24', 'SLC39A14', 'RAB1B', 'TP53I11', 'YIPF5', 'TMEM214', 'AMFR', 'PKLR', 'SEC16A', 'CCPG1', 'RARRES1', 'PRKCD', 'ALB', 'BGN']"
82,Golgi apparatus (GO:0005794),Mitochondria (GO:0005739),5,"['FKBP9', 'ABCB6', 'FAM210A', 'ACSL4', 'PRKAR2B']"
83,Golgi apparatus (GO:0005794),Lysosomes (GO:0005764),0,[]
84,Golgi apparatus (GO:0005794),Actin filaments (GO:0015629),6,"['CCDC69', 'LYZ', 'FLNB', 'CCDC71L', 'METTL15', 'H1F0']"
85,Golgi apparatus (GO:0005794),Microtubules (GO:0015630),1,['NUCB1']
86,Golgi apparatus (GO:0005794),Peroxisomes (GO:0005777),0,[]
87,Golgi apparatus (GO:0005794),Nuclear membrane (GO:0031965),7,"['FUT11', 'SMIM13', 'ARFGAP1', 'SEC11A', 'SEC11C', 'NBAS', 'TNFAIP2']"
88,Golgi apparatus (GO:0005794),Centrosome (GO:0005813),3,"['AKAP9', 'STK26', 'PRKAR2B']"
89,Golgi apparatus (GO:0005794),Intermediate filaments (GO:0045111),2,"['ZYG11B', 'TOM1L2']"
90,Golgi apparatus (GO:0005794),Focal adhesion sites (GO:0005925),2,"['ARL2', 'TMEM53']"
91,Endoplasmic reticulum (GO:0005783),Mitochondria (GO:0005739),6,"['MGST1', 'MPDU1', 'SERPINB7', 'HACD3', 'P4HA1', 'FKBP8']"
92,Endoplasmic reticulum (GO:0005783),Lysosomes (GO:0005764),1,['GRN']
93,Endoplasmic reticulum (GO:0005783),Actin filaments (GO:0015629),1,['SEC16B']
94,Endoplasmic reticulum (GO:0005783),Microtubules (GO:0015630),1,['DYNC1I2']
95,Endoplasmic reticulum (GO:0005783),Peroxisomes (GO:0005777),0,[]
96,Endoplasmic reticulum (GO:0005783),Nuclear membrane (GO:0031965),6,"['GANAB', 'EMD', 'TMEM205', 'CERS2', 'HACD3', 'CES3']"
97,Endoplasmic reticulum (GO:0005783),Centrosome (GO:0005813),0,[]
98,Endoplasmic reticulum (GO:0005783),Intermediate filaments (GO:0045111),1,['SEC62']
99,Endoplasmic reticulum (GO:0005783),Focal adhesion sites (GO:0005925),1,['ITGB1']
100,Mitochondria (GO:0005739),Lysosomes (GO:0005764),0,[]
101,Mitochondria (GO:0005739),Actin filaments (GO:0015629),3,"['MYH10', 'TNNC1', 'MRPS10']"
102,Mitochondria (GO:0005739),Microtubules (GO:0015630),5,"['CORO7-PAM16', 'TAGLN', 'TIMM17B', 'HAUS3', 'SHMT2']"
103,Mitochondria (GO:0005739),Peroxisomes (GO:0005777),0,[]
104,Mitochondria (GO:0005739),Nuclear membrane (GO:0031965),10,"['NDUFB4', 'TMEM223', 'TNRC18', 'MRPS14', 'MRPS23', 'CMSS1', 'KIAA0930', 'HACD3', 'ICAM3', 'HFE']"
105,Mitochondria (GO:0005739),Centrosome (GO:0005813),6,"['C21orf33', 'C12orf73', 'PRKAR2B', 'UGP2', 'CCDC51', 'DOCK8']"
106,Mitochondria (GO:0005739),Intermediate filaments (GO:0045111),2,"['EXD2', 'MIEF1']"
107,Mitochondria (GO:0005739),Focal adhesion sites (GO:0005925),1,['REXO2']
108,Lysosomes (GO:0005764),Actin filaments (GO:0015629),0,[]
109,Lysosomes (GO:0005764),Microtubules (GO:0015630),0,[]
110,Lysosomes (GO:0005764),Peroxisomes (GO:0005777),0,[]
111,Lysosomes (GO:0005764),Nuclear membrane (GO:0031965),0,[]
112,Lysosomes (GO:0005764),Centrosome (GO:0005813),0,[]
113,Lysosomes (GO:0005764),Intermediate filaments (GO:0045111),0,[]
114,Lysosomes (GO:0005764),Focal adhesion sites (GO:0005925),0,[]
115,Actin filaments (GO:0015629),Microtubules (GO:0015630),2,"['CDC42EP4', 'ATG4A']"
116,Actin filaments (GO:0015629),Peroxisomes (GO:0005777),0,[]
117,Actin filaments (GO:0015629),Nuclear membrane (GO:0031965),3,"['ZC3H13', 'NDC1', 'EIF2B4']"
118,Actin filaments (GO:0015629),Centrosome (GO:0005813),3,"['AVEN', 'RMDN1', 'MTMR9']"
119,Actin filaments (GO:0015629),Intermediate filaments (GO:0045111),2,"['UBE2K', 'CRTAP']"
120,Actin filaments (GO:0015629),Focal adhesion sites (GO:0005925),12,"['AMDHD1', 'ZNF185', 'AFAP1', 'PDLIM2', 'PALMD', 'FCHSD2', 'LIMA1', 'ABCB4', 'TRIM71', 'FHL2', 'PDLIM7', 'PARVA']"
121,Microtubules (GO:0015630),Peroxisomes (GO:0005777),0,[]
122,Microtubules (GO:0015630),Nuclear membrane (GO:0031965),0,[]
123,Microtubules (GO:0015630),Centrosome (GO:0005813),3,"['BUD31', 'HMMR', 'NAE1']"
124,Microtubules (GO:0015630),Intermediate filaments (GO:0045111),2,"['DHX57', 'EML4']"
125,Microtubules (GO:0015630),Focal adhesion sites (GO:0005925),0,[]
126,Peroxisomes (GO:0005777),Nuclear membrane (GO:0031965),0,[]
127,Peroxisomes (GO:0005777),Centrosome (GO:0005813),0,[]
128,Peroxisomes (GO:0005777),Intermediate filaments (GO:0045111),0,[]
129,Peroxisomes (GO:0005777),Focal adhesion sites (GO:0005925),0,[]
130,Nuclear membrane (GO:0031965),Centrosome (GO:0005813),2,"['PCM1', 'AAAS']"
131,Nuclear membrane (GO:0031965),Intermediate filaments (GO:0045111),1,['INA']
132,Nuclear membrane (GO:0031965),Focal adhesion sites (GO:0005925),0,[]
133,Centrosome (GO:0005813),Intermediate filaments (GO:0045111),4,"['DVL3', 'PSMB4', 'PCYT2', 'DCTN1']"
134,Centrosome (GO:0005813),Focal adhesion sites (GO:0005925),2,"['PXN', 'SORBS1']"
135,Intermediate filaments (GO:0045111),Focal adhesion sites (GO:0005925),1,['PLEC']
